repo_name,easy_file,hard_file
SAP/openui5,src/sap.ui.mdc/src/sap/ui/mdc/field/FieldBase.js,src/sap.ui.mdc/src/sap/ui/mdc/field/DefineConditionPanel.js
openwrt/luci,modules/luci-base/htdocs/luci-static/resources/form.js,modules/luci-base/htdocs/luci-static/resources/ui.js
OpenAF/openaf,js/repack.js,js/openafconsole.js
OpenAF/openaf,js/owrap.obj.js,js/openafconsole.js
kongnet/meeko,lib/date.js,lib/tools/index.js
stdlib-js/www,src/utils/download_assets.js,src/routes.js
unpoly/unpoly,src/unpoly/link.js,src/unpoly/viewport.js
unpoly/unpoly,src/unpoly/layer.js,src/unpoly/viewport.js
unpoly/unpoly,src/unpoly/form.js,src/unpoly/viewport.js
unpoly/unpoly,src/unpoly/classes/event_listener.js,src/unpoly/viewport.js
unpoly/unpoly,src/unpoly/util.js,src/unpoly/viewport.js
tulios/kafkajs,src/broker/saslAuthenticator/index.js,src/index.js
tulios/kafkajs,src/producer/sendMessages.js,src/index.js
tulios/kafkajs,src/cluster/index.js,src/index.js
tulios/kafkajs,src/consumer/runner.js,src/index.js
tulios/kafkajs,src/producer/partitioners/default/index.spec.js,src/index.js
tulios/kafkajs,src/consumer/offsetManager/index.js,src/index.js
tulios/kafkajs,src/cluster/connectionBuilder.js,src/index.js
tulios/kafkajs,src/network/connection.spec.js,src/index.js
tulios/kafkajs,src/consumer/assigners/roundRobinAssigner/index.js,src/index.js
tulios/kafkajs,src/consumer/consumerGroup.js,src/index.js
tulios/kafkajs,src/consumer/runner.js,src/errors.js
tulios/kafkajs,src/producer/sendMessages.js,src/errors.js
tulios/kafkajs,src/broker/saslAuthenticator/index.js,src/errors.js
tulios/kafkajs,src/cluster/index.js,src/errors.js
tulios/kafkajs,src/network/connection.spec.js,src/errors.js
tulios/kafkajs,src/cluster/connectionBuilder.js,src/errors.js
tulios/kafkajs,src/producer/partitioners/default/index.spec.js,src/errors.js
tulios/kafkajs,src/consumer/offsetManager/index.js,src/errors.js
tulios/kafkajs,src/consumer/assigners/roundRobinAssigner/index.js,src/errors.js
tulios/kafkajs,src/consumer/consumerGroup.js,src/errors.js
tulios/kafkajs,src/consumer/offsetManager/index.js,src/network/connection.js
tulios/kafkajs,src/consumer/runner.js,src/network/connection.js
tulios/kafkajs,src/broker/saslAuthenticator/index.js,src/network/connection.js
tulios/kafkajs,src/producer/partitioners/default/index.spec.js,src/network/connection.js
tulios/kafkajs,src/consumer/consumerGroup.js,src/network/connection.js
tulios/kafkajs,src/producer/sendMessages.js,src/network/connection.js
tulios/kafkajs,src/network/connection.spec.js,src/network/connection.js
tulios/kafkajs,src/cluster/connectionBuilder.js,src/network/connection.js
tulios/kafkajs,src/consumer/assigners/roundRobinAssigner/index.js,src/network/connection.js
tulios/kafkajs,src/cluster/index.js,src/network/connection.js
GlukKazan/Dagaz,src/debug/games/checkers/columns-checkers-ai.js,src/debug/games/checkers/shatra-ai.js
melonjs/melonJS,dist/melonjs.min.js,src/level/tiled/TMXObject.js
melonjs/melonJS,dist/melonjs.js,src/level/tiled/TMXObject.js
jmjuanes/siimple,siimple/cli.js,packages/core/index.js
jmjuanes/siimple,siimple/defaultConfig.js,packages/core/index.js
jmjuanes/siimple,website/src/components/IconsCheatsheet.js,packages/core/index.js
jmjuanes/siimple,siimple.config.js,packages/core/index.js
jmjuanes/siimple,website/src/navs/documentation.js,packages/core/index.js
jmjuanes/siimple,website/gatsby-node.js,packages/core/index.js
CoughDrop/coughdrop,app/assets/javascripts/application-preload.js,app/frontend/app/models/board.js
frafra/is-osm-uptodate,web/src/constants.js,web/src/map.js
plantinformatics/pretzel,frontend/app/components/panel/manage-explorer.js,frontend/app/services/auth.js
plantinformatics/pretzel,frontend/app/utils/data/group.js,lb4app/lb3app/server/boot/access.js
plantinformatics/pretzel,frontend/app/routes/group/edit.js,lb4app/lb3app/server/boot/access.js
plantinformatics/pretzel,frontend/app/controllers/groups.js,lb4app/lb3app/server/boot/access.js
plantinformatics/pretzel,frontend/app/routes/groups.js,lb4app/lb3app/server/boot/access.js
plantinformatics/pretzel,frontend/app/controllers/group/edit.js,lb4app/lb3app/server/boot/access.js
plantinformatics/pretzel,lb4app/lb3app/common/utilities/client-groups.js,lb4app/lb3app/server/boot/access.js
plantinformatics/pretzel,frontend/app/controllers/group/edit.js,lb4app/lb3app/common/models/group.js
plantinformatics/pretzel,frontend/app/routes/groups.js,lb4app/lb3app/common/models/group.js
plantinformatics/pretzel,frontend/app/routes/group/edit.js,lb4app/lb3app/common/models/group.js
plantinformatics/pretzel,frontend/app/controllers/groups.js,lb4app/lb3app/common/models/group.js
plantinformatics/pretzel,frontend/app/utils/data/group.js,lb4app/lb3app/common/models/group.js
plantinformatics/pretzel,lb4app/lb3app/common/utilities/client-groups.js,lb4app/lb3app/common/models/group.js
plantinformatics/pretzel,lb4app/lb3app/common/utilities/client-groups.js,lb4app/lb3app/common/models/dataset.js
plantinformatics/pretzel,frontend/app/routes/groups.js,lb4app/lb3app/common/models/dataset.js
plantinformatics/pretzel,frontend/app/utils/data/group.js,lb4app/lb3app/common/models/dataset.js
plantinformatics/pretzel,frontend/app/routes/group/edit.js,lb4app/lb3app/common/models/dataset.js
plantinformatics/pretzel,frontend/app/controllers/group/edit.js,lb4app/lb3app/common/models/dataset.js
plantinformatics/pretzel,frontend/app/controllers/groups.js,lb4app/lb3app/common/models/dataset.js
plantinformatics/pretzel,lb4app/lb3app/common/utilities/client-groups.js,lb4app/lb3app/common/utilities/identity.js
plantinformatics/pretzel,frontend/app/controllers/group/edit.js,lb4app/lb3app/common/utilities/identity.js
plantinformatics/pretzel,frontend/app/utils/data/group.js,lb4app/lb3app/common/utilities/identity.js
plantinformatics/pretzel,frontend/app/controllers/groups.js,lb4app/lb3app/common/utilities/identity.js
plantinformatics/pretzel,frontend/app/routes/group/edit.js,lb4app/lb3app/common/utilities/identity.js
plantinformatics/pretzel,frontend/app/routes/groups.js,lb4app/lb3app/common/utilities/identity.js
ioBroker/ioBroker.socketio,lib/socketCommon.js,lib/socketIO.js
kbase/kbase-ui-plugin-dataview,src/plugin/iframe_root/modules/components/SankeyGraph.js,src/plugin/iframe_root/modules/components/ProvenanceGraph.js
kbase/kbase-ui-plugin-dataview,src/plugin/iframe_root/modules/components/SankeyGraph.js,src/plugin/iframe_root/modules/components/ProvenancePanel.js
kbase/kbase-ui-plugin-dataview,src/plugin/iframe_root/modules/components/SankeyGraph.js,src/plugin/iframe_root/modules/components/ProvenanceGraph.styles.js
ProjectSidewalk/SidewalkWebpage,public/javascripts/SVLabel/src/SVLabel/label/Label.js,public/javascripts/SVLabel/src/SVLabel/navigation/Compass.js
ProteinsWebTeam/interpro7-client,src/menuConfig.js,src/components/Menu/DynamicMenu/index.js
ProteinsWebTeam/interpro7-client,src/Root.js,src/components/Menu/DynamicMenu/index.js
